<?xml version="1.0" encoding="UTF-8"?>
<project-private xmlns="http://www.netbeans.org/ns/project-private/1">
    <editor-bookmarks xmlns="http://www.netbeans.org/ns/editor-bookmarks/2" lastBookmarkId="0"/>
    <open-files xmlns="http://www.netbeans.org/ns/projectui-open-files/2">
        <group>
            <file>file:/home/ccslearner/NetBeansProjects/dbapplication/web/patients/selection-patients.jsp</file>
            <file>file:/home/ccslearner/NetBeansProjects/dbapplication/web/medicine-tracking.jsp</file>
            <file>file:/home/ccslearner/NetBeansProjects/dbapplication/src/java/dbapplication/Reports1.java</file>
            <file>file:/home/ccslearner/NetBeansProjects/dbapplication/web/transactions.jsp</file>
            <file>file:/home/ccslearner/NetBeansProjects/dbapplication/web/donations.jsp</file>
            <file>file:/home/ccslearner/NetBeansProjects/dbapplication/src/java/dbapplication/Donor.java</file>
            <file>file:/home/ccslearner/NetBeansProjects/dbapplication/web/reports.jsp</file>
            <file>file:/home/ccslearner/NetBeansProjects/dbapplication/web/patients/patients-delete.jsp</file>
            <file>file:/home/ccslearner/NetBeansProjects/dbapplication/src/java/dbapplication/HealthFacility.java</file>
            <file>file:/home/ccslearner/NetBeansProjects/dbapplication/src/java/dbapplication/Medication_Tracking.java</file>
            <file>file:/home/ccslearner/NetBeansProjects/dbapplication/web/patients/patients-add.jsp</file>
            <file>file:/home/ccslearner/NetBeansProjects/dbapplication/src/java/dbapplication/Medicine.java</file>
            <file>file:/home/ccslearner/NetBeansProjects/dbapplication/web/patients/results-display.jsp</file>
            <file>file:/home/ccslearner/NetBeansProjects/dbapplication/src/java/dbapplication/Reports2.java</file>
            <file>file:/home/ccslearner/NetBeansProjects/dbapplication/web/transaction-results.jsp</file>
            <file>file:/home/ccslearner/NetBeansProjects/dbapplication/src/java/dbapplication/Patient.java</file>
            <file>file:/home/ccslearner/NetBeansProjects/dbapplication/web/patients/patients-view.jsp</file>
            <file>file:/home/ccslearner/NetBeansProjects/dbapplication/web/patients/patients-update.jsp</file>
            <file>file:/home/ccslearner/NetBeansProjects/dbapplication/web/patients/patients-filter.jsp</file>
        </group>
    </open-files>
</project-private>
